{"cameraMode":{"drawMode":0,"name":"Shaded","section":"Shading Mode"},"sceneLighting":false,"audioPlay":false,"sceneViewState":{"m_AlwaysRefresh":false,"showFog":true,"showSkybox":false,"showFlares":true,"showImageEffects":true,"showParticleSystems":true,"showVisualEffectGraphs":true,"m_FxEnabled":true},"in2DMode":false,"pivot":{"x":-0.03889300301671028,"y":1.20607590675354,"z":0.126016765832901},"rotation":{"x":0.043448466807603839,"y":0.26244276762008669,"z":-0.011672264896333218,"w":0.9640105962753296},"size":2.358144760131836,"orthographic":false}