{"cameraMode":{"drawMode":0,"name":"Shaded","section":"Shading Mode"},"sceneLighting":false,"audioPlay":false,"sceneViewState":{"m_AlwaysRefresh":false,"showFog":true,"showSkybox":false,"showFlares":true,"showImageEffects":true,"showParticleSystems":true,"showVisualEffectGraphs":true,"m_FxEnabled":true},"in2DMode":false,"pivot":{"x":-0.5411304235458374,"y":-40.776554107666019,"z":47.32261657714844},"rotation":{"x":-0.35743415355682375,"y":0.047888319939374927,"z":-0.01833890564739704,"w":-0.9325996041297913},"size":44.18294143676758,"orthographic":false}